user_id,password,status,email,first_name,last_name
387516,eVg0wFjRy,1,pmccadden0@usnews.com,Borg,Gaul
770332,EUoB54QTQq,1,tshaw1@hud.gov,Hayden,Labbati
435893,m8SmWCrYndzJ,1,cbatey2@cbsnews.com,Flem,Jepperson
131872,tqx5rVL,1,dcatterick3@ed.gov,Desmund,Malan
877083,eXdj0kWM,1,lmasdin4@google.co.uk,Marlene,Gamwell
268922,i5E2A0ZU,1,ksigne5@list-manage.com,Bryce,Denziloe
770889,bvtzeEr6d,1,sdecourcey6@ted.com,Marguerite,Hasling
818840,ewXqUp2k,1,yalekseicik7@lulu.com,Forrester,Ledwich
129075,rPTMvPsd,0,zheart8@cbslocal.com,Maryrose,Jecock
592239,01pSFrpbYzC,1,ggoodsell9@tamu.edu,Vivien,Urry
132665,6TLX8x,2,kfeldhammera@nifty.com,Obediah,Pavlata
985522,wu0gVaaXt1i6,1,ofullegarb@amazon.de,Dav,Trass
450307,9jGsKU2qo6n7,0,gcoulbeckc@xinhuanet.com,Birgitta,Cornew
241569,bBAfQA,2,csillitod@edublogs.org,Stevena,Wrightem
730698,yZWsEzMr,0,nchessume@soundcloud.com,Harlene,Paula
721829,vbFDRCh95,2,lkesterf@aboutads.info,Quincey,Abbys
843509,4EZqK72r,1,shollowsg@ftc.gov,Faina,Piel
130149,8r4yaP5,1,bfairneyh@nba.com,Petunia,Mayow
693754,jiiNP9I7pwK,1,afridi@dailymail.co.uk,Conrade,Brabham
341689,WuaCEqPdKkXx,1,acarwithimj@uol.com.br,Sharon,Pleass
130281,J6Lmsuu,1,ebenechk@shutterfly.com,Natassia,Goligher
597760,OikONL43qg,2,ifidoel@plala.or.jp,Dorelia,Timmens
946912,MeGlJaYBt0,0,sjuddm@fastcompany.com,Luci,McKerley
442394,QGKnpPBW,1,kdenajeran@jugem.jp,Lynn,Cubin
288158,RMNhdHmdkWdJ,1,ckoenraado@fda.gov,Obie,Mattingley
250248,j3cpS4qb,1,kenionp@hostgator.com,Etienne,Terrington
390488,3S8V7QZ83F,0,pmccrearyq@nsw.gov.au,Mikaela,Bream
666271,rl06uI,1,tgawenr@icio.us,Caroline,Lethardy
822208,ErFNvlE2B,1,sbeardsleys@amazonaws.com,Carling,Ralton
979361,xqZQNOBlJ,1,ncaigert@sourceforge.net,Fabio,Leopard
999410,yb4jXD,2,jjaggsu@epa.gov,Brunhilda,McGrane
413407,BnLxZia,1,xhuegettv@quantcast.com,Damien,Jakubovsky
337749,ooAPtr419,2,rmudlew@newsvine.com,Ignacius,Gissing
522350,wJQMz2V,2,menrigox@freewebs.com,Natalee,MacKeever
258473,eZrDQRAvhVt3,0,bdoringy@dion.ne.jp,Katy,Rodgier
108320,5R4IrF01,0,wwaterhousez@cisco.com,Devi,McGaffey
174779,3PetIr,2,neefting10@blinklist.com,Moses,Tatnell
155304,TDBWjcfJYmt,0,bmews11@qq.com,Tremayne,Jeromson
811473,tv2H9MT,2,imacnelly12@tamu.edu,Niven,Tynan
641667,pVroWstVP11t,1,fdenty13@nifty.com,Cary,Kinnie
640112,fjm5PMYaQogV,1,twilkin14@rakuten.co.jp,Westbrook,Jeannon
450635,6BKvXj0fMn8K,1,lbank15@nifty.com,Terry,Saw
734481,Q9yEyjN4ZpJ,1,mbalcers16@tuttocitta.it,Fan,Coatman
176456,MdJ8v5pB6V,1,vdearness17@gnu.org,Candie,Poltun
987218,zvtC4N,2,dgiberd18@answers.com,Keenan,Sherer
322196,H63gcc,1,bburgen19@wp.com,Gennifer,Brasier
208366,5HJOzCwUbOSM,0,smorriarty1a@nationalgeographic.com,Karlene,Dorow
718002,j55aZ83nJQ,2,lpaule1b@uiuc.edu,Shanon,Shapera
122338,eXOvw19PV,1,bgabbatiss1c@godaddy.com,Maxine,Pancost
120867,2TGYZYd8,2,rcarse1d@bloglines.com,Tadio,Trynor
565023,jR25mvg31Qz8,1,lcavendish1e@indiegogo.com,Mahmud,Mc Grath
980582,Jvfcu3dTbHZD,1,ecleminson1f@unicef.org,Blayne,Soame
441167,irXqMvFv,1,nginger1g@exblog.jp,Terrel,Goodey
947830,ifxpYNsVVXf,2,kforrestall1h@facebook.com,Durante,Ballay
567099,QwfzAE,1,cwragge1i@ox.ac.uk,Annemarie,Snarr
306030,9ARd0pGUDsX,1,kfucher1j@yellowbook.com,Hestia,Pender
826646,BfEop2G5kJcw,1,asweatland1k@cdbaby.com,Umeko,O'Glessane
152351,YaLf5UzlAupe,2,awalles1l@rakuten.co.jp,Elliott,Gorhardt
837749,iIbVia2ijEv,1,kpenrith1m@exblog.jp,Katrine,Miklem
135662,T10IsBkjTLI,0,obrasier1n@weather.com,Rubi,Janovsky
245525,KnZlN6tYyWa,0,emcmyler1o@blogger.com,Ashbey,Whitloe
636042,YjTHEu,1,shamlett1p@aboutads.info,Mercedes,Champneys
867894,zxHUonDE,2,dkilloran1q@delicious.com,Roldan,Ghiriardelli
941686,gIRSTc,1,gsidnall1r@oaic.gov.au,Patrica,Loutheane
695118,m1U6Thsl,1,pskuce1s@vkontakte.ru,Flossy,Readshall
225414,Q299Pxhwe,1,zpatriche1t@dropbox.com,Noby,Broom
620554,0BSybYW1m8,1,jsasser1u@quantcast.com,Marta,Milier
532759,PTeSUVQf,0,hmoro1v@trellian.com,Allister,Pennell
359621,AZZc1sr8Rsx,1,gwaberer1w@google.de,Coralyn,Pauler
528745,EvpnPpp,1,cbausor1x@weather.com,Madelle,Duxbury
269429,CsPdtwANFYYH,1,smoulsdale1y@xrea.com,Pieter,Rushforth
584942,Jae8SF1jUb,2,gkayley1z@meetup.com,Ethelind,Rey
999452,4D2WdRGazdT,2,ccrosthwaite20@hostgator.com,Hephzibah,Buzin
679591,qwwqfwR,0,dpietraszek21@oracle.com,Cora,Pilgram
235796,MQE1rO7EUxr,1,rcapell22@shutterfly.com,Ede,Atkins
439308,B2dAZ826SbL,1,gdryden23@va.gov,Brunhilde,Furley
789247,EKYlbG4gr,1,tguisler24@reuters.com,Trisha,Howell
332187,pr8MoFQ,1,gperring25@mtv.com,Mair,Millgate
133239,T6jgZ56J,1,smattielli26@businesswire.com,Lory,Willcocks
550620,EWOpSWQ,0,lrutgers27@china.com.cn,Cassaundra,Lawlings
616068,UDouR71,1,ltowhey28@shinystat.com,Bartram,Jollie
537517,JPOkV8PVx,1,gragborne29@netvibes.com,Heddie,Charleston
500872,BiDDoGCyW,1,lcurthoys2a@craigslist.org,Conrad,Boggers
480585,x926CsFc,2,rbrompton2b@senate.gov,Linnell,Jancey
827943,XtSvL41rub,2,ibarrim2c@google.fr,Marthena,Bossom
351457,XOv1tn,1,fdeards2d@wordpress.org,Barthel,Slyman
903225,KjVwn1HE,1,gwoodcraft2e@alexa.com,Katherina,Iggo
857453,nSdgaQ,0,acamies2f@dailymail.co.uk,Martie,McSweeney
204224,XgnyYHL,1,vtwamley2g@techcrunch.com,Merwin,Lenin
885539,BKgr7enfSL6t,1,cdugald2h@buzzfeed.com,Jessica,Geroldini
351745,4KksQMcl8I,1,abrewitt2i@google.nl,Corina,Oventon
530440,qxcANnFWK4,1,sbraunton2j@wordpress.org,Ursa,Ondra
855906,LvfTMieAjqV,0,cquinney2k@icq.com,Kaye,Harwin
877429,zJRkFKqklrN,1,pshowte2l@1und1.de,Latrina,Okey
457890,1PukHnZa,0,gpotkin2m@t-online.de,Johnath,Goult
193333,YFzwIEcO4uT,1,ccousin2n@163.com,Trudi,Prosh
710200,eUKjXea,1,ccicconettii2o@rambler.ru,Edvard,Gisborne
764939,zuVLalZwDCB,0,dregglar2p@studiopress.com,Ardyth,Bazelle
615273,hBkclAG60Zq,1,hperott2q@moonfruit.com,Brewster,Wheatley
113738,QpPk5u,2,jgrigs2r@people.com.cn,Jonah,Grayer
838516,L1iL4u5qd,0,rpleming2s@adobe.com,Eldridge,Glossop
338277,UotpTzrii,1,hlepper2t@typepad.com,Laurel,Aers
305033,mGjmkt0R1C6,2,lbertenshaw2u@homestead.com,Donni,Bodker
271680,l4oB9OS,1,fashling2v@flavors.me,Elisa,Crawshaw
366574,RhaStzxF9Ofb,1,bbenninck2w@dell.com,Aurie,Arnley
359633,HQT7oQs1gKG,1,wwillbraham2x@1und1.de,Jasun,Pinkney
852986,jDiqD1AK,1,idulwich2y@friendfeed.com,Mohammed,Took
455572,FeAdPj,2,eewbanks2z@springer.com,Allsun,Lukianovich
448284,MTqC0szJs,1,msendall30@craigslist.org,Feliks,Becerra
235879,Bl0Qjd,0,bgovett31@tiny.cc,Marvin,Szymonowicz
276773,txUJwXoxryi,1,svanderbeken32@google.ca,Nerita,Standley
906392,ww2jckB,2,icapin33@about.me,Grete,Sitch
668664,2AIKYpqgLcVh,0,llanchbery34@usgs.gov,Diane-marie,Calf
509934,PQuj8j,2,tvisco35@yahoo.com,Annemarie,Vigietti
702927,xh94SgbE,1,kmoyles36@reddit.com,Hinze,Pettman
854679,RuMcud6Uxk,0,ngaliford37@alibaba.com,Minda,Delafoy
720624,yaUlLJK6,0,vmarrison38@dmoz.org,Ruy,Loton
573225,J0ItZfFItJ,1,dmatusovsky39@wp.com,Mortie,Springall
352570,jZvCQpPjBlq,1,dshrubb3a@mac.com,Marian,Starcks
112865,4D9PdGed,1,lhumphris3b@ca.gov,Rachele,Lequeux
324038,4IdyIvdGGx,1,ovarga3c@cbc.ca,Heath,Illingworth
823355,RiPR1YuJRkh,1,mcuttin3d@independent.co.uk,Brod,Verrillo
309136,dDLGAWw4,1,cocarroll3e@networksolutions.com,Mitchell,Chugg
643828,cEYdIWQtTV,0,imulloch3f@moonfruit.com,Ellsworth,Harbour
641995,0t9nm1c,1,tmangan3g@dyndns.org,Pate,Brunotti
608824,1OiOiFKeimT,1,ibann3h@earthlink.net,Nikolaus,Stains
261252,wsAIKS,2,zfyrth3i@ibm.com,Wally,Dyball
180374,u3WI5ch,0,bmyles3j@ocn.ne.jp,Jeanne,Pinor
689513,h6MSwYai6ShB,1,cdarnell3k@mit.edu,Dyanna,Gilyatt
548120,NzF2MLP,1,gmarland3l@squarespace.com,Sioux,Ezzell
788120,W93c5xEOajd,1,pnelle3m@statcounter.com,Kipper,Limbert
563732,qUqkoYa,1,gstopforth3n@netscape.com,Barty,Farmloe
610106,WYb3GAw,2,kjankovsky3o@walmart.com,Vivianne,McClements
478745,TxrwWgdyDYa,1,rhaste3p@myspace.com,Felizio,Du Plantier
358441,0inlSLiSg,1,nordish3q@google.fr,Aubrey,Crilly
115921,Jwg4QVg,1,jbleeze3r@nsw.gov.au,Mycah,Jacombs
275522,1OP549NwRV8,1,mdonisthorpe3s@nbcnews.com,Gaye,Stubbert
622523,4p4xOwEG5lV,1,gbear3t@google.com,Northrup,Glenton
309063,K5a1UW,1,aforrestall3u@businesswire.com,Philippa,Burgis
870450,OAF1WE,1,vwolfenden3v@cdbaby.com,Clive,Elcott
602845,JHM4pIk,0,fartrick3w@imdb.com,Terrie,Behrens
551429,r4q1WqBcwO,2,dodonovan3x@nytimes.com,Emlynn,McLugaish
851075,CAOHGJx0NO,0,bzuppa3y@wordpress.com,Dorita,Christou
281275,FMy3QKVTX,0,jtingly3z@vinaora.com,Dru,Sleigh
642811,Kjt01fOz,2,adaybell40@narod.ru,Lucila,Jaumet
504395,ahDC74i,1,dhainge41@indiegogo.com,Kayne,Dunn
549069,UAmxenY,1,bbaggott42@alexa.com,Raynor,Lacotte
374716,HIJc2JAeVpb,0,groumier43@mayoclinic.com,Penelopa,Logsdale
847908,wxC2MtFC9xf,1,ccorker44@time.com,Agosto,McCaghan
931228,4rYuee,1,ckigelman45@phpbb.com,Crysta,Traviss
787313,jc0aVv,0,opaolotto46@adobe.com,Sibelle,Mirfield
905980,K9tXu6mTu,1,roswell47@independent.co.uk,Moira,Gillham
924340,06a4HoKhI2L,1,mhumpage48@istockphoto.com,Rodina,Hamly
878349,KYmYrUmXzM9,1,mwemyss49@flickr.com,Oriana,Howood
457357,aJF78g,1,ghaskey4a@fastcompany.com,Laure,Thurber
447394,u5cpNw,0,mfoggo4b@gravatar.com,Isadore,Booy
252310,3f9SumNQ5,0,hskough4c@hhs.gov,Blithe,Beall
411815,5ASg431OHq,2,gbellenie4d@amazon.co.uk,Margery,Sibbons
293724,YDSf8iTFCJlN,0,emccarty4e@wiley.com,Daryle,Strong
571386,Ggv0gfWA,0,dembra4f@intel.com,Carlyle,Kirwood
742631,dlWdaoTVlf,0,azwicker4g@harvard.edu,Donnamarie,Ofer
489916,s8rIaGJ,0,pdaughton4h@newsvine.com,Kristoforo,McDonagh
851256,4yiVOIC9uTW,0,wchopy4i@creativecommons.org,Mozes,Whithalgh
522127,oFPXaDmCRRK,1,cclutton4j@businessinsider.com,Ezekiel,Arkle
206887,vUqhgtiQpuv,1,ptunn4k@google.co.uk,Roanna,Osgar
417360,Br8It6RwQGlk,1,klowmass4l@devhub.com,Danya,Headings
891740,DcGOpuYTF,0,aellerman4m@e-recht24.de,Dorise,Delacroix
479147,X7NK3xZ,1,mtixall4n@trellian.com,Eddie,Lockery
497266,YgSofl1t,1,cthom4o@hibu.com,Carny,Dionsetti
808991,f3RpPGK1FJc,2,dpetricek4p@lycos.com,Mallory,Follin
565632,YXTPD7VQ,2,dgemlbett4q@washington.edu,Nita,Breckell
928899,1sOhV4UOYn,1,mdoick4r@sciencedaily.com,Huberto,McKeevers
813410,KxDh4b1ovh,2,tazam4s@senate.gov,Gale,Lafranconi
374768,kTvvo0,0,ssearles4t@techcrunch.com,Aubrey,Deveril
576710,ZMxecw,1,bcotterill4u@dailymail.co.uk,Salome,von Nassau
426485,atFXM2m6mp,1,tfairney4v@tuttocitta.it,Guillermo,Dunk
985203,xXOAsjc,1,abartelsellis4w@wikimedia.org,Sim,Botwood
282718,ioey1Fvt,2,rguilloud4x@wisc.edu,Doralynne,Licence
159998,Xx5VPQ,1,gcanti4y@paypal.com,Laurella,Aylin
962786,pEgUbcLefPiK,1,smitchely4z@toplist.cz,Jesselyn,Drayton
147481,JfV4Lu0hSG0p,1,smagrannell50@pcworld.com,Corinna,World
420184,0gRM7Ysn2F,1,apurver51@tripadvisor.com,Marie-ann,Petters
665208,sfTHii1yXi3I,0,mhepher52@kickstarter.com,Lil,Cicccitti
941649,g9pzSjcW4iv,0,ahamfleet53@indiatimes.com,Jedd,Canner
206075,UzIUFoPsWvXf,1,tbrittoner54@ebay.com,Dorice,Mallon
431150,GG2M3cST,2,ddrache55@netscape.com,Jorey,Yanele
417288,SvhDnV15,1,nkilford56@amazon.co.jp,Evelin,Jump
800255,0N3UaSZsA,0,fvarrow57@vkontakte.ru,Emmalyn,Barstock
555851,lBdN7Yva,1,wbeyn58@blogs.com,Rheta,Milligan
433045,nBAOTzM58Ed6,1,tleynton59@bizjournals.com,Elene,Pedro
315884,mnfXXoknTVk,1,ecaesmans5a@com.com,Geoffrey,Hockey
926706,dvtLY7kgfQMu,2,jgerrans5b@chron.com,Shermie,Le Estut
367826,ifqK2AoL,1,sshambroke5c@csmonitor.com,Rachael,Mahy
737990,Rlgn4r,1,oglasebrook5d@hhs.gov,Murray,Libbis
956778,XFe80dXZ2xU,1,tmcjarrow5e@japanpost.jp,Zaneta,Sokill
681117,ILGcdPX,0,ddowsett5f@e-recht24.de,Christi,de Clerc
925632,xyaU1Ec0cKPT,1,fbaress5g@wix.com,Jamison,Danilenko
162677,ycYOs6oGDn5,1,eboichat5h@cafepress.com,Ange,Philcox
425244,Aa0MZ46,1,glabbet5i@liveinternet.ru,Hebert,Bonder
310213,g43xxALqj,1,alidden5j@mashable.com,Zorina,Geldert
245796,44AJOP,0,acausby5k@howstuffworks.com,Johna,Tesche
363967,INMTuyGCTLRV,1,cswindlehurst5l@netlog.com,Hanna,Galliford
956890,WJraKU,0,kcubin5m@xrea.com,Tierney,Steenson
137325,H4XSF9zqV3,1,boilier5n@tinypic.com,Jeromy,Worssam
234908,BF1ERfWD,2,cphillot5o@ameblo.jp,Starlene,Cleveland
588775,1jkDI63PkCw,1,pbrokenbrow5p@barnesandnoble.com,Lynnett,Kybird
672396,guezfjn,2,sgilburt5q@zimbio.com,Chaunce,Helix
543324,XVAvfMV7JVKA,0,ahuddleston5r@nytimes.com,Millisent,Evenett
124923,69QBxRtOKnSI,1,hzettoi5s@cnn.com,Ryann,Woodman
719242,lYshVTCp2h7S,1,nridhole5t@dyndns.org,Joanne,Creasey
208201,XkFG9FA,0,llamble5u@blinklist.com,Alysia,Asher
804790,fTvIOxP,1,cmckeveney5v@google.ru,Hillyer,Sambells
846796,pjXkANJaOUN,0,bdigweed5w@comsenz.com,Gaye,Romain
210744,PE9fBeCw6,0,lmcmenamie5x@friendfeed.com,Stefania,Clancy
805236,hQpLus9hgXK,1,zbullier5y@mashable.com,Timotheus,Millen
363387,FMXEAiDWp9W,1,lworgan5z@google.it,Lynne,Culter
862964,55k6igT6tUGN,0,pgallymore60@exblog.jp,Reese,Suttling
997470,FqHvThpC1Y,1,amatsell61@yahoo.com,Clemmie,Brambill
928110,rvDEfzCqy7,2,lhesser62@cnn.com,Ahmad,Haacker
195729,Q6P4AFErJ,0,twalsom63@domainmarket.com,Lin,Hatrick
156944,5Ww0gvhyJ,1,sbrakespear64@comsenz.com,Rois,Jerred
135702,j5thQHT36,1,ndeller65@discovery.com,Desmond,Forson
883916,NkuISfdA,1,dpackham66@infoseek.co.jp,Linnea,Maldin
702412,VMQ3Y6r8,2,kbrunet67@redcross.org,Ephraim,Leibold
282266,f0yNnBxeT,1,cmiettinen68@cnbc.com,Lindie,Bakesef
285344,G4HcfjVcu5c,0,mdelouch69@chicagotribune.com,Hugh,Ryle
575932,zQAVkXjp,2,ccovotto6a@walmart.com,Leesa,Falvey
761833,BSeoyndI,1,mwarnock6b@army.mil,Laetitia,Phinnis
593929,yab9pAQJ,1,clashford6c@whitehouse.gov,Christa,Downton
793294,o9s4CNPv0z,0,jtorbett6d@flavors.me,Micheil,Argile
272387,znTpTYFE1,0,mhalden6e@epa.gov,Peter,Gives
225692,O9Imwq1vcNVO,2,ienderle6f@psu.edu,Odette,Prendergrass
880781,t1gQCq2,0,rjacobi6g@wordpress.com,Cassie,Dommersen
625706,OOwUrpqxq6FE,1,wmcgready6h@newyorker.com,Leupold,Spurgin
419094,pkeFI91P,1,hpentecust6i@reuters.com,Trina,Guild
107442,27MLrb,0,sgilhooly6j@nps.gov,Eziechiele,Spens
140673,jjYNITISIrDl,1,aduncanson6k@clickbank.net,Carey,Eddow
373572,GKNxvz,2,atiner6l@de.vu,Kristi,Sonley
758914,q9j1WmMKD,1,mcoppins6m@sohu.com,Claiborn,Spatarul
946318,wNjzJMbaAGj,1,bcleef6n@e-recht24.de,Carmelina,Suter
654721,1doCRzQOS,1,cseale6o@tamu.edu,Elisabeth,Wisdom
738555,NLgXf2NoV7,0,cquene6p@adobe.com,Caritta,Redihough
188664,B3ni4uB,0,tblyth6q@examiner.com,Katherina,Entwistle
866640,Jj2L5GUM1N,1,agebbe6r@google.it,Prisca,Verrill
829842,ea1zFG,1,gshoulder6s@cnet.com,Kort,Bartkowiak
905017,2K1Osm1zw,1,kgerrens6t@mediafire.com,Lynnett,Loalday
824378,EJZNq912x,0,rmccreedy6u@google.nl,Stirling,Pettit
133239,TNSTRBT9YGC,1,dplunkett6v@howstuffworks.com,Shantee,Orrocks
244135,qqR0NVL8xX,0,jtiplady6w@hao123.com,Stephine,Nordass
967354,sjkh6RJ1yjbr,1,jwolton6x@jimdo.com,Nikkie,Mulleary
739245,cYX8TjS,0,lgive6y@instagram.com,Adolf,Fyers
438384,zJ87PLJ,1,npaolini6z@adobe.com,Micheal,Sindell
126322,ZYBBmt,1,kyendall70@wikipedia.org,Noll,Avramovich
979644,ZBZBesagYAh,1,cmccolley71@shinystat.com,Konstanze,Berndt
491759,pDDtsIbZd2,1,boller72@unc.edu,Magdaia,Wiffield
221002,HjOVcEU899b,0,hmacallam73@simplemachines.org,Menard,Toulson
898452,pQTSFUtP1uF,1,boffield74@wsj.com,Mariana,Kelson
680295,Q6E3MH,0,ltowle75@alibaba.com,Saloma,Cutriss
674328,76WMCIv03K9,1,xcraigs76@berkeley.edu,Bruce,Kmiec
571925,EXKobw5WT,1,akilbride77@oracle.com,Orelie,McGrey
310327,vpY1jf,1,mumfrey78@discovery.com,Sophronia,Cesco
969736,Ghr1lnLZY,1,bferrier79@disqus.com,Hayyim,Ritson
656909,lnuNLgipVN,1,rvayro7a@goo.gl,Farand,Calvert
485933,gjsN32I,0,mmothersole7b@artisteer.com,Nollie,Foxon
417113,dTr3tS5Xd,1,cbartoletti7c@gizmodo.com,Warden,Pyser
806666,RtrUf8KiN,1,mrishbrook7d@auda.org.au,Salvidor,Goode
304694,1QNtIxP,1,jricci7e@typepad.com,Korrie,Dykes
120683,IqmQhceWqF,1,bvallentine7f@pagesperso-orange.fr,Roderic,DelaField
566724,cEK2CP,0,skendle7g@people.com.cn,Bondy,Flather
359039,rCBeS8ykY,0,mlongworth7h@t.co,Nadean,Le Prevost
387899,iLe1urzoR,0,sstreatfeild7i@istockphoto.com,Rosana,Aireton
295223,rCP8W9IvVU9,1,cjerrome7j@pcworld.com,Klemens,Crinage
758337,Ze6sgEwaz,0,galf7k@sakura.ne.jp,Cathlene,Korneluk
137312,tcOFed56nq,1,bhofton7l@sourceforge.net,Cindee,Skirlin
300371,55pXeggiq6,1,rmyderscough7m@nyu.edu,Cole,Melesk
363924,9KMAFBDDs,1,rgoodredge7n@china.com.cn,Clovis,Offener
921941,UM5QVYHunP6y,0,cevason7o@ucoz.ru,Toby,Eads
689892,SFb01mZW,2,bmcginley7p@nymag.com,Rachele,Keele
983346,1k9dZPCaBY5,1,mklassmann7q@prnewswire.com,Roshelle,Jordan
730996,q88xwgJCx,0,swhiffen7r@mit.edu,Ange,Sarfati
675930,EstiSJWj8,1,iaisthorpe7s@examiner.com,Fancy,Montrose
304953,N31mltVS,0,ebaxstair7t@nbcnews.com,Jewel,Adds
508729,48DKovW,1,ygerlack7u@xinhuanet.com,Farlee,Shervil
606626,SyBmguFT5oPW,1,agianuzzi7v@nsw.gov.au,Zoe,Narrie
174418,LKZFFta,1,trowlatt7w@nih.gov,Perl,Danzelman
235899,9FS2KG6f,2,lrennix7x@cnet.com,Justin,Cawdron
674265,6KI0L8,1,zkeepin7y@dropbox.com,Cherice,Restill
641175,QtJCNA0FtOK,1,eornelas7z@rakuten.co.jp,Janella,Shackle
849865,uLw6MfRkwp,1,lrikel80@oakley.com,Pernell,Pitceathly
366244,y3lxCAZjM,0,jseabon81@sciencedirect.com,Verne,Petit
204382,qQQ8Tr4,0,rtwallin82@webnode.com,Inger,Threadgall
651844,TUXXe6,1,dtupman83@chron.com,Herculie,Hein
458844,00h5N75U913,1,lrimbault84@ameblo.jp,Brigitte,Connochie
801624,tWOFwxcZzT2,0,rjowle85@salon.com,Anna-diane,Kerwin
659892,PkkqX7U,2,atait86@nsw.gov.au,Ashby,Traynor
315375,6l3UOJ6DY,0,fvalente87@addtoany.com,Kathryn,Sutterfield
772216,ErXzJBdo,1,ckeane88@homestead.com,Guthry,Pagett
555270,M2IYIyyli,1,asims89@ihg.com,Jacklin,McElwee
462705,gNZduwShfJ,1,sthinn8a@answers.com,Donovan,Brimham
654045,EzGAQZhLzY,0,tpanyer8b@photobucket.com,Robers,Gryglewski
233545,fSBW5PSfUNS,0,sbaitman8c@sitemeter.com,Gisele,Lezemere
185748,rbmQjP,1,dgreening8d@deviantart.com,Ellyn,Pestridge
463890,8lbNtwuHYQ5d,2,rarnold8e@shop-pro.jp,Nettie,Craythorn
754205,rK3NpJSI,0,bweetch8f@blogtalkradio.com,Hattie,Foffano
788785,k5cOmoZxQ6FI,2,jbrenneke8g@huffingtonpost.com,Perceval,Vlies
983981,R7VhAYDx,0,wwolfendale8h@narod.ru,Valencia,Yurkov
299822,B2FXdY7T9YvM,0,colivia8i@opera.com,Felipe,Cuthbert
956285,bm09JhtKeCU1,1,abiss8j@jugem.jp,Field,Metts
325895,XtaPPiua,1,lduthie8k@mayoclinic.com,Wilfrid,Batterbee
558226,dnB6D2c7SWB7,1,mryal8l@japanpost.jp,Brittaney,Kleis
785127,3nlu8S8LycAb,0,hdewilde8m@theatlantic.com,Moria,Haddy
435084,gLdPAw0,2,akener8n@sciencedirect.com,Yancey,Ozintsev
998528,MPir2qcu0nSv,1,tsparrowhawk8o@utexas.edu,Legra,Souttar
875512,6eL3gtDQdw,0,tscaife8p@bloglines.com,Dulcie,Thurlborn
428516,JPGxxvO,1,sizsak8q@shop-pro.jp,Karilynn,Zotto
802945,xwRXd5yPD0,0,oricarde8r@jugem.jp,Darline,Johannes
802263,IVXFKJvcQ9C7,1,jlantry8s@t.co,Ross,Cartmer
162437,5l5ZIdiV,1,dlindenfeld8t@indiatimes.com,Mia,Dumphry
708159,A20nJLty,2,ssperring8u@flickr.com,Flora,Berrill
529183,p8Dudm9Xx,1,dcritchard8v@qq.com,Mike,Kesten
788425,YD1oyQCFMjm,1,cpirt8w@oracle.com,Gustavo,Duffree
295924,W7jL8jo,0,oguillet8x@google.es,Mar,Croxford
562227,TfYqcrx5mh5,0,mchark8y@amazon.com,Claiborne,Greenstead
929851,leyeVoZYM,1,smchardy8z@mtv.com,Berthe,Depke
846851,jJc7zb03b,1,kmacdavitt90@gizmodo.com,Rosalie,Fardo
